-- ============================================================================
-- NatureRisk Seed Data
-- ============================================================================
-- This script populates reference data and sample client data (Glencore)
-- matching the existing frontend mock data.
-- ============================================================================

SET search_path TO nature_risk, public;

BEGIN;

-- ============================================================================
-- 1. SECTORS
-- ============================================================================
INSERT INTO sectors (id, name, description) VALUES
    ('a0000000-0000-0000-0000-000000000001', 'Metals & Minings', 'Metals and mining extraction industry'),
    ('a0000000-0000-0000-0000-000000000002', 'Energy', 'Energy production and distribution'),
    ('a0000000-0000-0000-0000-000000000003', 'Agriculture', 'Agriculture and food production'),
    ('a0000000-0000-0000-0000-000000000004', 'Manufacturing', 'Industrial manufacturing'),
    ('a0000000-0000-0000-0000-000000000005', 'Financial Services', 'Banking and financial services');

-- ============================================================================
-- 2. CLIENT GROUPS (under sectors - e.g., "Glencore" group under "Metals & Minings")
-- ============================================================================
INSERT INTO client_groups (id, sector_id, name, display_name, description) VALUES
    ('aa000000-0000-0000-0000-000000000001', 'a0000000-0000-0000-0000-000000000001', 'glencore', 'Glencore', 'Glencore plc - multinational commodity trading and mining company'),
    ('aa000000-0000-0000-0000-000000000002', 'a0000000-0000-0000-0000-000000000001', 'bhp_group', 'BHP Group', 'BHP Group Limited - mining, metals and petroleum'),
    ('aa000000-0000-0000-0000-000000000003', 'a0000000-0000-0000-0000-000000000001', 'rio_tinto', 'Rio Tinto', 'Rio Tinto Group - metals and mining corporation'),
    ('aa000000-0000-0000-0000-000000000004', 'a0000000-0000-0000-0000-000000000001', 'vale_sa', 'Vale S.A.', 'Vale S.A. - Brazilian multinational mining corporation'),
    ('aa000000-0000-0000-0000-000000000005', 'a0000000-0000-0000-0000-000000000001', 'anglo_american', 'Anglo American', 'Anglo American plc - mining company'),
    ('aa000000-0000-0000-0000-000000000006', 'a0000000-0000-0000-0000-000000000001', 'freeport_mcmoran', 'Freeport-McMoRan', 'Freeport-McMoRan Inc. - mining company'),
    ('aa000000-0000-0000-0000-000000000007', 'a0000000-0000-0000-0000-000000000001', 'teck_resources', 'Teck Resources', 'Teck Resources Limited - mining company'),
    ('aa000000-0000-0000-0000-000000000008', 'a0000000-0000-0000-0000-000000000001', 'newmont', 'Newmont Corporation', 'Newmont Corporation - gold mining company'),
    ('aa000000-0000-0000-0000-000000000009', 'a0000000-0000-0000-0000-000000000001', 'barrick_gold', 'Barrick Gold', 'Barrick Gold Corporation - mining company'),
    ('aa000000-0000-0000-0000-000000000010', 'a0000000-0000-0000-0000-000000000001', 'south32', 'South32', 'South32 Limited - mining and metals company');

-- ============================================================================
-- 3. CLIENTS (under groups - e.g., "Glencore 01" under group "Glencore")
--    Selecting a client triggers loading of topojson + radar/heatmap/grid data
-- ============================================================================
INSERT INTO clients (id, group_id, name, display_name, description) VALUES
    -- Glencore group clients
    ('b0000000-0000-0000-0000-000000000001', 'aa000000-0000-0000-0000-000000000001', 'glencore_01', 'Glencore 01', 'Glencore primary client dataset'),
    -- BHP Group clients
    ('b0000000-0000-0000-0000-000000000002', 'aa000000-0000-0000-0000-000000000002', 'bhp_01', 'BHP 01', 'BHP primary client dataset'),
    -- Rio Tinto clients
    ('b0000000-0000-0000-0000-000000000003', 'aa000000-0000-0000-0000-000000000003', 'rio_tinto_01', 'Rio Tinto 01', 'Rio Tinto primary client dataset'),
    -- Vale S.A. clients
    ('b0000000-0000-0000-0000-000000000004', 'aa000000-0000-0000-0000-000000000004', 'vale_01', 'Vale 01', 'Vale primary client dataset'),
    -- Anglo American clients
    ('b0000000-0000-0000-0000-000000000005', 'aa000000-0000-0000-0000-000000000005', 'anglo_01', 'Anglo American 01', 'Anglo American primary client dataset'),
    -- Freeport-McMoRan clients
    ('b0000000-0000-0000-0000-000000000006', 'aa000000-0000-0000-0000-000000000006', 'freeport_01', 'Freeport 01', 'Freeport-McMoRan primary client dataset'),
    -- Teck Resources clients
    ('b0000000-0000-0000-0000-000000000007', 'aa000000-0000-0000-0000-000000000007', 'teck_01', 'Teck 01', 'Teck Resources primary client dataset'),
    -- Newmont clients
    ('b0000000-0000-0000-0000-000000000008', 'aa000000-0000-0000-0000-000000000008', 'newmont_01', 'Newmont 01', 'Newmont primary client dataset'),
    -- Barrick Gold clients
    ('b0000000-0000-0000-0000-000000000009', 'aa000000-0000-0000-0000-000000000009', 'barrick_01', 'Barrick 01', 'Barrick Gold primary client dataset'),
    -- South32 clients
    ('b0000000-0000-0000-0000-000000000010', 'aa000000-0000-0000-0000-000000000010', 'south32_01', 'South32 01', 'South32 primary client dataset');

-- ============================================================================
-- 3. PLANETARY BOUNDARIES (8 boundaries)
-- ============================================================================
INSERT INTO planetary_boundaries (id, name, description, sort_order) VALUES
    ('c0000000-0000-0000-0000-000000000001', 'Aerosol', 'The concentration of fine particles in the atmosphere, which can affect climate and human health.', 1),
    ('c0000000-0000-0000-0000-000000000002', 'Stratospheric ozone', 'The thinning of the ozone layer in the stratosphere, which protects us from harmful ultraviolet radiation.', 2),
    ('c0000000-0000-0000-0000-000000000003', 'Ocean acidification', 'The ongoing decrease in the pH of the Earth''s oceans, caused by the absorption of carbon dioxide.', 3),
    ('c0000000-0000-0000-0000-000000000004', 'Landsystem change', 'The conversion of natural ecosystems to other land uses such as agriculture and urban areas.', 4),
    ('c0000000-0000-0000-0000-000000000005', 'Freshwater use', 'The amount of freshwater extracted from rivers, lakes, and aquifers for human use.', 5),
    ('c0000000-0000-0000-0000-000000000006', 'Climate change', 'The increase in global average temperature and changes in weather patterns due to greenhouse gas emissions.', 6),
    ('c0000000-0000-0000-0000-000000000007', 'Biosphere integrity', 'The decline in biodiversity, measured by genetic diversity and functional diversity.', 7),
    ('c0000000-0000-0000-0000-000000000008', 'Biogeochemical flows', 'Disrupted cycles from excessive fertilizer use, leading to pollution of water and air.', 8);

-- ============================================================================
-- 4. PLANETARY BOUNDARY INDICATORS
-- ============================================================================
INSERT INTO planetary_boundary_indicators (planetary_boundary_id, indicator_type, indicator_name, sort_order) VALUES
    -- Aerosol
    ('c0000000-0000-0000-0000-000000000001', 'pressure', 'PM2.5', 1),
    ('c0000000-0000-0000-0000-000000000001', 'dependency', 'PM2.5', 1),
    -- Biogeochemical flows
    ('c0000000-0000-0000-0000-000000000008', 'pressure', 'Toxic metal soil pollution', 1),
    ('c0000000-0000-0000-0000-000000000008', 'pressure', 'Nitrogen', 2),
    ('c0000000-0000-0000-0000-000000000008', 'pressure', 'Phosphor', 3),
    ('c0000000-0000-0000-0000-000000000008', 'pressure', 'Mismanaged plastic waste', 4),
    ('c0000000-0000-0000-0000-000000000008', 'dependency', 'Toxic metal soil pollution', 1),
    ('c0000000-0000-0000-0000-000000000008', 'dependency', 'Soil organic content loss', 2),
    ('c0000000-0000-0000-0000-000000000008', 'dependency', 'TDS water quality', 3),
    -- Biosphere integrity
    ('c0000000-0000-0000-0000-000000000007', 'pressure', 'Mean Species Abundance (MSA)', 1),
    ('c0000000-0000-0000-0000-000000000007', 'dependency', 'Mean Species Abundance (MSA)', 1),
    -- Climate Change
    ('c0000000-0000-0000-0000-000000000006', 'pressure', '---', 1),
    ('c0000000-0000-0000-0000-000000000006', 'dependency', '% of natural land', 1),
    -- Freshwater use
    ('c0000000-0000-0000-0000-000000000005', 'pressure', 'Water stress levels', 1),
    ('c0000000-0000-0000-0000-000000000005', 'dependency', 'Water stress levels', 1),
    ('c0000000-0000-0000-0000-000000000005', 'dependency', 'BOD water quality', 2),
    ('c0000000-0000-0000-0000-000000000005', 'dependency', 'Water annual variability', 3),
    ('c0000000-0000-0000-0000-000000000005', 'dependency', 'Water seasonal variability', 4),
    -- Land system change
    ('c0000000-0000-0000-0000-000000000004', 'pressure', 'Proximity to sensitive areas', 1),
    ('c0000000-0000-0000-0000-000000000004', 'pressure', 'Tree cover loss', 2),
    ('c0000000-0000-0000-0000-000000000004', 'dependency', 'Change in % of natural land', 1),
    ('c0000000-0000-0000-0000-000000000004', 'dependency', 'Soil organic content loss', 2),
    -- Ocean acidification
    ('c0000000-0000-0000-0000-000000000003', 'pressure', 'Ocean health index', 1),
    ('c0000000-0000-0000-0000-000000000003', 'dependency', 'Marine STAR', 1),
    -- Stratospheric ozone
    ('c0000000-0000-0000-0000-000000000002', 'pressure', 'O3', 1),
    ('c0000000-0000-0000-0000-000000000002', 'dependency', 'O3', 1);

-- ============================================================================
-- 5. RISK CATEGORIES (Heatmap column headers)
-- ============================================================================

-- PRESSURES risk categories
INSERT INTO risk_categories (id, category_type, name, sort_order) VALUES
    ('d0000000-0000-0000-0000-000000000001', 'PRESSURES', 'max', 1),
    ('d0000000-0000-0000-0000-000000000002', 'PRESSURES', 'Area of rare/hs sites', 2),
    ('d0000000-0000-0000-0000-000000000003', 'PRESSURES', 'Area of land use', 3),
    ('d0000000-0000-0000-0000-000000000004', 'PRESSURES', 'Area of acohol use', 4),
    ('d0000000-0000-0000-0000-000000000005', 'PRESSURES', 'Deforestion (5 more farm)', 5),
    ('d0000000-0000-0000-0000-000000000006', 'PRESSURES', 'Emissions of gren-hsge pollutants', 6),
    ('d0000000-0000-0000-0000-000000000007', 'PRESSURES', 'Emissions of fresh water / nutrients', 7),
    ('d0000000-0000-0000-0000-000000000008', 'PRESSURES', 'Emissions of toxic air and water / pollution', 8),
    ('d0000000-0000-0000-0000-000000000009', 'PRESSURES', 'Operation self major of land water', 9),
    ('d0000000-0000-0000-0000-000000000010', 'PRESSURES', 'Introduction of invasive species', 10),
    ('d0000000-0000-0000-0000-000000000011', 'PRESSURES', 'Other biotic resources extraction', 11),
    ('d0000000-0000-0000-0000-000000000012', 'PRESSURES', 'Other related resources extraction (to resh terrain)', 12),
    ('d0000000-0000-0000-0000-000000000013', 'PRESSURES', 'Very land or water use', 13);

-- DEPENDENCIES risk categories
INSERT INTO risk_categories (id, category_type, name, sort_order) VALUES
    ('e0000000-0000-0000-0000-000000000001', 'DEPENDENCIES', 'max', 1),
    ('e0000000-0000-0000-0000-000000000002', 'DEPENDENCIES', 'Animals reared and energy', 2),
    ('e0000000-0000-0000-0000-000000000003', 'DEPENDENCIES', 'Biomass provisioning', 3),
    ('e0000000-0000-0000-0000-000000000004', 'DEPENDENCIES', 'Genetic material', 4),
    ('e0000000-0000-0000-0000-000000000005', 'DEPENDENCIES', 'Water supply', 5),
    ('e0000000-0000-0000-0000-000000000006', 'DEPENDENCIES', 'Air filtration', 6),
    ('e0000000-0000-0000-0000-000000000007', 'DEPENDENCIES', 'Biological control', 7),
    ('e0000000-0000-0000-0000-000000000008', 'DEPENDENCIES', 'Dilution', 8),
    ('e0000000-0000-0000-0000-000000000009', 'DEPENDENCIES', 'Flood control', 9),
    ('e0000000-0000-0000-0000-000000000010', 'DEPENDENCIES', 'Global climate regulation', 10),
    ('e0000000-0000-0000-0000-000000000011', 'DEPENDENCIES', 'Local (micro and meso) climate regulation', 11),
    ('e0000000-0000-0000-0000-000000000012', 'DEPENDENCIES', 'Mediation', 12),
    ('e0000000-0000-0000-0000-000000000013', 'DEPENDENCIES', 'Nursery population and habitat maintenance', 13),
    ('e0000000-0000-0000-0000-000000000014', 'DEPENDENCIES', 'Pollination', 14),
    ('e0000000-0000-0000-0000-000000000015', 'DEPENDENCIES', 'Rainfall pattern regulation', 15),
    ('e0000000-0000-0000-0000-000000000016', 'DEPENDENCIES', 'Soil and sediment retention', 16),
    ('e0000000-0000-0000-0000-000000000017', 'DEPENDENCIES', 'Soil quality regulation', 17),
    ('e0000000-0000-0000-0000-000000000018', 'DEPENDENCIES', 'Solid waste remediation', 18),
    ('e0000000-0000-0000-0000-000000000019', 'DEPENDENCIES', 'Storm mitigation', 19),
    ('e0000000-0000-0000-0000-000000000020', 'DEPENDENCIES', 'Water (new) regulation', 20),
    ('e0000000-0000-0000-0000-000000000021', 'DEPENDENCIES', 'Water purification', 21);

-- ============================================================================
-- 6. HEATMAP DATA - Glencore (PRESSURES)
-- ============================================================================

-- Helper: Insert heatmap pressures data for Glencore
-- Format: (client_id, category_type, entity_name, risk_category_id, value)
INSERT INTO heatmap_data (client_id, category_type, entity_name, risk_category_id, value) VALUES
    -- GLENCORE GROUP - PRESSURES
    ('b0000000-0000-0000-0000-000000000001', 'PRESSURES', 'GLENCORE GROUP', 'd0000000-0000-0000-0000-000000000001', 0.5),
    ('b0000000-0000-0000-0000-000000000001', 'PRESSURES', 'GLENCORE GROUP', 'd0000000-0000-0000-0000-000000000002', 0.8),
    ('b0000000-0000-0000-0000-000000000001', 'PRESSURES', 'GLENCORE GROUP', 'd0000000-0000-0000-0000-000000000003', 0.8),
    ('b0000000-0000-0000-0000-000000000001', 'PRESSURES', 'GLENCORE GROUP', 'd0000000-0000-0000-0000-000000000004', 0),
    ('b0000000-0000-0000-0000-000000000001', 'PRESSURES', 'GLENCORE GROUP', 'd0000000-0000-0000-0000-000000000005', 0.7),
    ('b0000000-0000-0000-0000-000000000001', 'PRESSURES', 'GLENCORE GROUP', 'd0000000-0000-0000-0000-000000000006', 0.8),
    ('b0000000-0000-0000-0000-000000000001', 'PRESSURES', 'GLENCORE GROUP', 'd0000000-0000-0000-0000-000000000007', 0),
    ('b0000000-0000-0000-0000-000000000001', 'PRESSURES', 'GLENCORE GROUP', 'd0000000-0000-0000-0000-000000000008', 0),
    ('b0000000-0000-0000-0000-000000000001', 'PRESSURES', 'GLENCORE GROUP', 'd0000000-0000-0000-0000-000000000009', 0.1),
    ('b0000000-0000-0000-0000-000000000001', 'PRESSURES', 'GLENCORE GROUP', 'd0000000-0000-0000-0000-000000000010', 0),
    ('b0000000-0000-0000-0000-000000000001', 'PRESSURES', 'GLENCORE GROUP', 'd0000000-0000-0000-0000-000000000011', 0.5),
    ('b0000000-0000-0000-0000-000000000001', 'PRESSURES', 'GLENCORE GROUP', 'd0000000-0000-0000-0000-000000000012', 0),
    ('b0000000-0000-0000-0000-000000000001', 'PRESSURES', 'GLENCORE GROUP', 'd0000000-0000-0000-0000-000000000013', 0.4),
    -- Alumbrera - PRESSURES
    ('b0000000-0000-0000-0000-000000000001', 'PRESSURES', 'Alumbrera', 'd0000000-0000-0000-0000-000000000001', 1),
    ('b0000000-0000-0000-0000-000000000001', 'PRESSURES', 'Alumbrera', 'd0000000-0000-0000-0000-000000000002', 1),
    ('b0000000-0000-0000-0000-000000000001', 'PRESSURES', 'Alumbrera', 'd0000000-0000-0000-0000-000000000003', 0.8),
    ('b0000000-0000-0000-0000-000000000001', 'PRESSURES', 'Alumbrera', 'd0000000-0000-0000-0000-000000000004', 0),
    ('b0000000-0000-0000-0000-000000000001', 'PRESSURES', 'Alumbrera', 'd0000000-0000-0000-0000-000000000005', 1),
    ('b0000000-0000-0000-0000-000000000001', 'PRESSURES', 'Alumbrera', 'd0000000-0000-0000-0000-000000000006', 0.6),
    ('b0000000-0000-0000-0000-000000000001', 'PRESSURES', 'Alumbrera', 'd0000000-0000-0000-0000-000000000007', 0),
    ('b0000000-0000-0000-0000-000000000001', 'PRESSURES', 'Alumbrera', 'd0000000-0000-0000-0000-000000000008', 0),
    ('b0000000-0000-0000-0000-000000000001', 'PRESSURES', 'Alumbrera', 'd0000000-0000-0000-0000-000000000009', 0),
    ('b0000000-0000-0000-0000-000000000001', 'PRESSURES', 'Alumbrera', 'd0000000-0000-0000-0000-000000000010', 0),
    ('b0000000-0000-0000-0000-000000000001', 'PRESSURES', 'Alumbrera', 'd0000000-0000-0000-0000-000000000011', 0.9),
    ('b0000000-0000-0000-0000-000000000001', 'PRESSURES', 'Alumbrera', 'd0000000-0000-0000-0000-000000000012', 0),
    ('b0000000-0000-0000-0000-000000000001', 'PRESSURES', 'Alumbrera', 'd0000000-0000-0000-0000-000000000013', 0),
    -- Antamina - PRESSURES
    ('b0000000-0000-0000-0000-000000000001', 'PRESSURES', 'Antamina', 'd0000000-0000-0000-0000-000000000001', 1),
    ('b0000000-0000-0000-0000-000000000001', 'PRESSURES', 'Antamina', 'd0000000-0000-0000-0000-000000000002', 1),
    ('b0000000-0000-0000-0000-000000000001', 'PRESSURES', 'Antamina', 'd0000000-0000-0000-0000-000000000003', 0.8),
    ('b0000000-0000-0000-0000-000000000001', 'PRESSURES', 'Antamina', 'd0000000-0000-0000-0000-000000000004', 0),
    ('b0000000-0000-0000-0000-000000000001', 'PRESSURES', 'Antamina', 'd0000000-0000-0000-0000-000000000005', 0.7),
    ('b0000000-0000-0000-0000-000000000001', 'PRESSURES', 'Antamina', 'd0000000-0000-0000-0000-000000000006', 0.8),
    ('b0000000-0000-0000-0000-000000000001', 'PRESSURES', 'Antamina', 'd0000000-0000-0000-0000-000000000007', 0),
    ('b0000000-0000-0000-0000-000000000001', 'PRESSURES', 'Antamina', 'd0000000-0000-0000-0000-000000000008', 0),
    ('b0000000-0000-0000-0000-000000000001', 'PRESSURES', 'Antamina', 'd0000000-0000-0000-0000-000000000009', 0),
    ('b0000000-0000-0000-0000-000000000001', 'PRESSURES', 'Antamina', 'd0000000-0000-0000-0000-000000000010', 0),
    ('b0000000-0000-0000-0000-000000000001', 'PRESSURES', 'Antamina', 'd0000000-0000-0000-0000-000000000011', 0.9),
    ('b0000000-0000-0000-0000-000000000001', 'PRESSURES', 'Antamina', 'd0000000-0000-0000-0000-000000000012', 0),
    ('b0000000-0000-0000-0000-000000000001', 'PRESSURES', 'Antamina', 'd0000000-0000-0000-0000-000000000013', 0.9),
    -- Alcorn East
    ('b0000000-0000-0000-0000-000000000001', 'PRESSURES', 'Alcorn East', 'd0000000-0000-0000-0000-000000000001', 1),
    ('b0000000-0000-0000-0000-000000000001', 'PRESSURES', 'Alcorn East', 'd0000000-0000-0000-0000-000000000002', 1),
    ('b0000000-0000-0000-0000-000000000001', 'PRESSURES', 'Alcorn East', 'd0000000-0000-0000-0000-000000000003', 0.8),
    ('b0000000-0000-0000-0000-000000000001', 'PRESSURES', 'Alcorn East', 'd0000000-0000-0000-0000-000000000004', 0),
    ('b0000000-0000-0000-0000-000000000001', 'PRESSURES', 'Alcorn East', 'd0000000-0000-0000-0000-000000000005', 0.7),
    ('b0000000-0000-0000-0000-000000000001', 'PRESSURES', 'Alcorn East', 'd0000000-0000-0000-0000-000000000006', 0.8),
    ('b0000000-0000-0000-0000-000000000001', 'PRESSURES', 'Alcorn East', 'd0000000-0000-0000-0000-000000000007', 0),
    ('b0000000-0000-0000-0000-000000000001', 'PRESSURES', 'Alcorn East', 'd0000000-0000-0000-0000-000000000008', 0),
    ('b0000000-0000-0000-0000-000000000001', 'PRESSURES', 'Alcorn East', 'd0000000-0000-0000-0000-000000000009', 0),
    ('b0000000-0000-0000-0000-000000000001', 'PRESSURES', 'Alcorn East', 'd0000000-0000-0000-0000-000000000010', 0),
    ('b0000000-0000-0000-0000-000000000001', 'PRESSURES', 'Alcorn East', 'd0000000-0000-0000-0000-000000000011', 0.9),
    ('b0000000-0000-0000-0000-000000000001', 'PRESSURES', 'Alcorn East', 'd0000000-0000-0000-0000-000000000012', 0),
    ('b0000000-0000-0000-0000-000000000001', 'PRESSURES', 'Alcorn East', 'd0000000-0000-0000-0000-000000000013', 0.9),
    -- Beil
    ('b0000000-0000-0000-0000-000000000001', 'PRESSURES', 'Beil', 'd0000000-0000-0000-0000-000000000001', 1),
    ('b0000000-0000-0000-0000-000000000001', 'PRESSURES', 'Beil', 'd0000000-0000-0000-0000-000000000002', 1),
    ('b0000000-0000-0000-0000-000000000001', 'PRESSURES', 'Beil', 'd0000000-0000-0000-0000-000000000003', 0.8),
    ('b0000000-0000-0000-0000-000000000001', 'PRESSURES', 'Beil', 'd0000000-0000-0000-0000-000000000004', 0),
    ('b0000000-0000-0000-0000-000000000001', 'PRESSURES', 'Beil', 'd0000000-0000-0000-0000-000000000005', 0.7),
    ('b0000000-0000-0000-0000-000000000001', 'PRESSURES', 'Beil', 'd0000000-0000-0000-0000-000000000006', 0.7),
    ('b0000000-0000-0000-0000-000000000001', 'PRESSURES', 'Beil', 'd0000000-0000-0000-0000-000000000007', 0),
    ('b0000000-0000-0000-0000-000000000001', 'PRESSURES', 'Beil', 'd0000000-0000-0000-0000-000000000008', 0),
    ('b0000000-0000-0000-0000-000000000001', 'PRESSURES', 'Beil', 'd0000000-0000-0000-0000-000000000009', 0),
    ('b0000000-0000-0000-0000-000000000001', 'PRESSURES', 'Beil', 'd0000000-0000-0000-0000-000000000010', 0),
    ('b0000000-0000-0000-0000-000000000001', 'PRESSURES', 'Beil', 'd0000000-0000-0000-0000-000000000011', 0.9),
    ('b0000000-0000-0000-0000-000000000001', 'PRESSURES', 'Beil', 'd0000000-0000-0000-0000-000000000012', 0),
    ('b0000000-0000-0000-0000-000000000001', 'PRESSURES', 'Beil', 'd0000000-0000-0000-0000-000000000013', 0.9),
    -- Bulga Complex
    ('b0000000-0000-0000-0000-000000000001', 'PRESSURES', 'Bulga Complex', 'd0000000-0000-0000-0000-000000000001', 1),
    ('b0000000-0000-0000-0000-000000000001', 'PRESSURES', 'Bulga Complex', 'd0000000-0000-0000-0000-000000000002', 1),
    ('b0000000-0000-0000-0000-000000000001', 'PRESSURES', 'Bulga Complex', 'd0000000-0000-0000-0000-000000000003', 0.8),
    ('b0000000-0000-0000-0000-000000000001', 'PRESSURES', 'Bulga Complex', 'd0000000-0000-0000-0000-000000000004', 0),
    ('b0000000-0000-0000-0000-000000000001', 'PRESSURES', 'Bulga Complex', 'd0000000-0000-0000-0000-000000000005', 0.6),
    ('b0000000-0000-0000-0000-000000000001', 'PRESSURES', 'Bulga Complex', 'd0000000-0000-0000-0000-000000000006', 0.7),
    ('b0000000-0000-0000-0000-000000000001', 'PRESSURES', 'Bulga Complex', 'd0000000-0000-0000-0000-000000000007', 0),
    ('b0000000-0000-0000-0000-000000000001', 'PRESSURES', 'Bulga Complex', 'd0000000-0000-0000-0000-000000000008', 0),
    ('b0000000-0000-0000-0000-000000000001', 'PRESSURES', 'Bulga Complex', 'd0000000-0000-0000-0000-000000000009', 0),
    ('b0000000-0000-0000-0000-000000000001', 'PRESSURES', 'Bulga Complex', 'd0000000-0000-0000-0000-000000000010', 0),
    ('b0000000-0000-0000-0000-000000000001', 'PRESSURES', 'Bulga Complex', 'd0000000-0000-0000-0000-000000000011', 0.9),
    ('b0000000-0000-0000-0000-000000000001', 'PRESSURES', 'Bulga Complex', 'd0000000-0000-0000-0000-000000000012', 0),
    ('b0000000-0000-0000-0000-000000000001', 'PRESSURES', 'Bulga Complex', 'd0000000-0000-0000-0000-000000000013', 0.6),
    -- Cerrejon
    ('b0000000-0000-0000-0000-000000000001', 'PRESSURES', 'Cerrejon', 'd0000000-0000-0000-0000-000000000001', 1),
    ('b0000000-0000-0000-0000-000000000001', 'PRESSURES', 'Cerrejon', 'd0000000-0000-0000-0000-000000000002', 1),
    ('b0000000-0000-0000-0000-000000000001', 'PRESSURES', 'Cerrejon', 'd0000000-0000-0000-0000-000000000003', 0.8),
    ('b0000000-0000-0000-0000-000000000001', 'PRESSURES', 'Cerrejon', 'd0000000-0000-0000-0000-000000000004', 0),
    ('b0000000-0000-0000-0000-000000000001', 'PRESSURES', 'Cerrejon', 'd0000000-0000-0000-0000-000000000005', 0.6),
    ('b0000000-0000-0000-0000-000000000001', 'PRESSURES', 'Cerrejon', 'd0000000-0000-0000-0000-000000000006', 0.7),
    ('b0000000-0000-0000-0000-000000000001', 'PRESSURES', 'Cerrejon', 'd0000000-0000-0000-0000-000000000007', 0),
    ('b0000000-0000-0000-0000-000000000001', 'PRESSURES', 'Cerrejon', 'd0000000-0000-0000-0000-000000000008', 0),
    ('b0000000-0000-0000-0000-000000000001', 'PRESSURES', 'Cerrejon', 'd0000000-0000-0000-0000-000000000009', 0),
    ('b0000000-0000-0000-0000-000000000001', 'PRESSURES', 'Cerrejon', 'd0000000-0000-0000-0000-000000000010', 0),
    ('b0000000-0000-0000-0000-000000000001', 'PRESSURES', 'Cerrejon', 'd0000000-0000-0000-0000-000000000011', 0.9),
    ('b0000000-0000-0000-0000-000000000001', 'PRESSURES', 'Cerrejon', 'd0000000-0000-0000-0000-000000000012', 0),
    ('b0000000-0000-0000-0000-000000000001', 'PRESSURES', 'Cerrejon', 'd0000000-0000-0000-0000-000000000013', 0.4),
    -- Clermont
    ('b0000000-0000-0000-0000-000000000001', 'PRESSURES', 'Clermont', 'd0000000-0000-0000-0000-000000000001', 1),
    ('b0000000-0000-0000-0000-000000000001', 'PRESSURES', 'Clermont', 'd0000000-0000-0000-0000-000000000002', 1),
    ('b0000000-0000-0000-0000-000000000001', 'PRESSURES', 'Clermont', 'd0000000-0000-0000-0000-000000000003', 0.8),
    ('b0000000-0000-0000-0000-000000000001', 'PRESSURES', 'Clermont', 'd0000000-0000-0000-0000-000000000004', 0),
    ('b0000000-0000-0000-0000-000000000001', 'PRESSURES', 'Clermont', 'd0000000-0000-0000-0000-000000000005', 0.2),
    ('b0000000-0000-0000-0000-000000000001', 'PRESSURES', 'Clermont', 'd0000000-0000-0000-0000-000000000006', 0.7),
    ('b0000000-0000-0000-0000-000000000001', 'PRESSURES', 'Clermont', 'd0000000-0000-0000-0000-000000000007', 0),
    ('b0000000-0000-0000-0000-000000000001', 'PRESSURES', 'Clermont', 'd0000000-0000-0000-0000-000000000008', 0),
    ('b0000000-0000-0000-0000-000000000001', 'PRESSURES', 'Clermont', 'd0000000-0000-0000-0000-000000000009', 0),
    ('b0000000-0000-0000-0000-000000000001', 'PRESSURES', 'Clermont', 'd0000000-0000-0000-0000-000000000010', 0),
    ('b0000000-0000-0000-0000-000000000001', 'PRESSURES', 'Clermont', 'd0000000-0000-0000-0000-000000000011', 0.9),
    ('b0000000-0000-0000-0000-000000000001', 'PRESSURES', 'Clermont', 'd0000000-0000-0000-0000-000000000012', 0),
    ('b0000000-0000-0000-0000-000000000001', 'PRESSURES', 'Clermont', 'd0000000-0000-0000-0000-000000000013', 0.5),
    -- Collahuasi
    ('b0000000-0000-0000-0000-000000000001', 'PRESSURES', 'Collahuasi', 'd0000000-0000-0000-0000-000000000001', 1),
    ('b0000000-0000-0000-0000-000000000001', 'PRESSURES', 'Collahuasi', 'd0000000-0000-0000-0000-000000000002', 1),
    ('b0000000-0000-0000-0000-000000000001', 'PRESSURES', 'Collahuasi', 'd0000000-0000-0000-0000-000000000003', 0.8),
    ('b0000000-0000-0000-0000-000000000001', 'PRESSURES', 'Collahuasi', 'd0000000-0000-0000-0000-000000000004', 0),
    ('b0000000-0000-0000-0000-000000000001', 'PRESSURES', 'Collahuasi', 'd0000000-0000-0000-0000-000000000005', 0.6),
    ('b0000000-0000-0000-0000-000000000001', 'PRESSURES', 'Collahuasi', 'd0000000-0000-0000-0000-000000000006', 0),
    ('b0000000-0000-0000-0000-000000000001', 'PRESSURES', 'Collahuasi', 'd0000000-0000-0000-0000-000000000007', 0),
    ('b0000000-0000-0000-0000-000000000001', 'PRESSURES', 'Collahuasi', 'd0000000-0000-0000-0000-000000000008', 0),
    ('b0000000-0000-0000-0000-000000000001', 'PRESSURES', 'Collahuasi', 'd0000000-0000-0000-0000-000000000009', 0),
    ('b0000000-0000-0000-0000-000000000001', 'PRESSURES', 'Collahuasi', 'd0000000-0000-0000-0000-000000000010', 0),
    ('b0000000-0000-0000-0000-000000000001', 'PRESSURES', 'Collahuasi', 'd0000000-0000-0000-0000-000000000011', 0.9),
    ('b0000000-0000-0000-0000-000000000001', 'PRESSURES', 'Collahuasi', 'd0000000-0000-0000-0000-000000000012', 0),
    ('b0000000-0000-0000-0000-000000000001', 'PRESSURES', 'Collahuasi', 'd0000000-0000-0000-0000-000000000013', 0.9),
    -- Collinsville
    ('b0000000-0000-0000-0000-000000000001', 'PRESSURES', 'Collinsville', 'd0000000-0000-0000-0000-000000000001', 1),
    ('b0000000-0000-0000-0000-000000000001', 'PRESSURES', 'Collinsville', 'd0000000-0000-0000-0000-000000000002', 1),
    ('b0000000-0000-0000-0000-000000000001', 'PRESSURES', 'Collinsville', 'd0000000-0000-0000-0000-000000000003', 0.8),
    ('b0000000-0000-0000-0000-000000000001', 'PRESSURES', 'Collinsville', 'd0000000-0000-0000-0000-000000000004', 0),
    ('b0000000-0000-0000-0000-000000000001', 'PRESSURES', 'Collinsville', 'd0000000-0000-0000-0000-000000000005', 0.5),
    ('b0000000-0000-0000-0000-000000000001', 'PRESSURES', 'Collinsville', 'd0000000-0000-0000-0000-000000000006', 0.7),
    ('b0000000-0000-0000-0000-000000000001', 'PRESSURES', 'Collinsville', 'd0000000-0000-0000-0000-000000000007', 0),
    ('b0000000-0000-0000-0000-000000000001', 'PRESSURES', 'Collinsville', 'd0000000-0000-0000-0000-000000000008', 0),
    ('b0000000-0000-0000-0000-000000000001', 'PRESSURES', 'Collinsville', 'd0000000-0000-0000-0000-000000000009', 0),
    ('b0000000-0000-0000-0000-000000000001', 'PRESSURES', 'Collinsville', 'd0000000-0000-0000-0000-000000000010', 0),
    ('b0000000-0000-0000-0000-000000000001', 'PRESSURES', 'Collinsville', 'd0000000-0000-0000-0000-000000000011', 0.9),
    ('b0000000-0000-0000-0000-000000000001', 'PRESSURES', 'Collinsville', 'd0000000-0000-0000-0000-000000000012', 0),
    ('b0000000-0000-0000-0000-000000000001', 'PRESSURES', 'Collinsville', 'd0000000-0000-0000-0000-000000000013', 0.9),
    -- Cumnock
    ('b0000000-0000-0000-0000-000000000001', 'PRESSURES', 'Cumnock', 'd0000000-0000-0000-0000-000000000001', 1),
    ('b0000000-0000-0000-0000-000000000001', 'PRESSURES', 'Cumnock', 'd0000000-0000-0000-0000-000000000002', 1),
    ('b0000000-0000-0000-0000-000000000001', 'PRESSURES', 'Cumnock', 'd0000000-0000-0000-0000-000000000003', 0.8),
    ('b0000000-0000-0000-0000-000000000001', 'PRESSURES', 'Cumnock', 'd0000000-0000-0000-0000-000000000004', 0.5),
    ('b0000000-0000-0000-0000-000000000001', 'PRESSURES', 'Cumnock', 'd0000000-0000-0000-0000-000000000005', 0.6),
    ('b0000000-0000-0000-0000-000000000001', 'PRESSURES', 'Cumnock', 'd0000000-0000-0000-0000-000000000006', 0.8),
    ('b0000000-0000-0000-0000-000000000001', 'PRESSURES', 'Cumnock', 'd0000000-0000-0000-0000-000000000007', 0),
    ('b0000000-0000-0000-0000-000000000001', 'PRESSURES', 'Cumnock', 'd0000000-0000-0000-0000-000000000008', 0),
    ('b0000000-0000-0000-0000-000000000001', 'PRESSURES', 'Cumnock', 'd0000000-0000-0000-0000-000000000009', 0.7),
    ('b0000000-0000-0000-0000-000000000001', 'PRESSURES', 'Cumnock', 'd0000000-0000-0000-0000-000000000010', 0),
    ('b0000000-0000-0000-0000-000000000001', 'PRESSURES', 'Cumnock', 'd0000000-0000-0000-0000-000000000011', 0.9),
    ('b0000000-0000-0000-0000-000000000001', 'PRESSURES', 'Cumnock', 'd0000000-0000-0000-0000-000000000012', 0),
    ('b0000000-0000-0000-0000-000000000001', 'PRESSURES', 'Cumnock', 'd0000000-0000-0000-0000-000000000013', 0.6),
    -- Remaining entities (Goedgevonden through KCY)
    ('b0000000-0000-0000-0000-000000000001', 'PRESSURES', 'Goedgevonden', 'd0000000-0000-0000-0000-000000000001', 1), ('b0000000-0000-0000-0000-000000000001', 'PRESSURES', 'Goedgevonden', 'd0000000-0000-0000-0000-000000000002', 1), ('b0000000-0000-0000-0000-000000000001', 'PRESSURES', 'Goedgevonden', 'd0000000-0000-0000-0000-000000000003', 0.8), ('b0000000-0000-0000-0000-000000000001', 'PRESSURES', 'Goedgevonden', 'd0000000-0000-0000-0000-000000000004', 0), ('b0000000-0000-0000-0000-000000000001', 'PRESSURES', 'Goedgevonden', 'd0000000-0000-0000-0000-000000000005', 0.6), ('b0000000-0000-0000-0000-000000000001', 'PRESSURES', 'Goedgevonden', 'd0000000-0000-0000-0000-000000000006', 0.7), ('b0000000-0000-0000-0000-000000000001', 'PRESSURES', 'Goedgevonden', 'd0000000-0000-0000-0000-000000000007', 0), ('b0000000-0000-0000-0000-000000000001', 'PRESSURES', 'Goedgevonden', 'd0000000-0000-0000-0000-000000000008', 0), ('b0000000-0000-0000-0000-000000000001', 'PRESSURES', 'Goedgevonden', 'd0000000-0000-0000-0000-000000000009', 0), ('b0000000-0000-0000-0000-000000000001', 'PRESSURES', 'Goedgevonden', 'd0000000-0000-0000-0000-000000000010', 0), ('b0000000-0000-0000-0000-000000000001', 'PRESSURES', 'Goedgevonden', 'd0000000-0000-0000-0000-000000000011', 0.9), ('b0000000-0000-0000-0000-000000000001', 'PRESSURES', 'Goedgevonden', 'd0000000-0000-0000-0000-000000000012', 0), ('b0000000-0000-0000-0000-000000000001', 'PRESSURES', 'Goedgevonden', 'd0000000-0000-0000-0000-000000000013', 0.8),
    ('b0000000-0000-0000-0000-000000000001', 'PRESSURES', 'Graspan', 'd0000000-0000-0000-0000-000000000001', 1), ('b0000000-0000-0000-0000-000000000001', 'PRESSURES', 'Graspan', 'd0000000-0000-0000-0000-000000000002', 1), ('b0000000-0000-0000-0000-000000000001', 'PRESSURES', 'Graspan', 'd0000000-0000-0000-0000-000000000003', 0.8), ('b0000000-0000-0000-0000-000000000001', 'PRESSURES', 'Graspan', 'd0000000-0000-0000-0000-000000000004', 0), ('b0000000-0000-0000-0000-000000000001', 'PRESSURES', 'Graspan', 'd0000000-0000-0000-0000-000000000005', 0.7), ('b0000000-0000-0000-0000-000000000001', 'PRESSURES', 'Graspan', 'd0000000-0000-0000-0000-000000000006', 0.7), ('b0000000-0000-0000-0000-000000000001', 'PRESSURES', 'Graspan', 'd0000000-0000-0000-0000-000000000007', 0), ('b0000000-0000-0000-0000-000000000001', 'PRESSURES', 'Graspan', 'd0000000-0000-0000-0000-000000000008', 0), ('b0000000-0000-0000-0000-000000000001', 'PRESSURES', 'Graspan', 'd0000000-0000-0000-0000-000000000009', 0), ('b0000000-0000-0000-0000-000000000001', 'PRESSURES', 'Graspan', 'd0000000-0000-0000-0000-000000000010', 0), ('b0000000-0000-0000-0000-000000000001', 'PRESSURES', 'Graspan', 'd0000000-0000-0000-0000-000000000011', 0.9), ('b0000000-0000-0000-0000-000000000001', 'PRESSURES', 'Graspan', 'd0000000-0000-0000-0000-000000000012', 0), ('b0000000-0000-0000-0000-000000000001', 'PRESSURES', 'Graspan', 'd0000000-0000-0000-0000-000000000013', 0.8),
    ('b0000000-0000-0000-0000-000000000001', 'PRESSURES', 'Hail Creek', 'd0000000-0000-0000-0000-000000000001', 1), ('b0000000-0000-0000-0000-000000000001', 'PRESSURES', 'Hail Creek', 'd0000000-0000-0000-0000-000000000002', 1), ('b0000000-0000-0000-0000-000000000001', 'PRESSURES', 'Hail Creek', 'd0000000-0000-0000-0000-000000000003', 0.8), ('b0000000-0000-0000-0000-000000000001', 'PRESSURES', 'Hail Creek', 'd0000000-0000-0000-0000-000000000004', 0), ('b0000000-0000-0000-0000-000000000001', 'PRESSURES', 'Hail Creek', 'd0000000-0000-0000-0000-000000000005', 0.5), ('b0000000-0000-0000-0000-000000000001', 'PRESSURES', 'Hail Creek', 'd0000000-0000-0000-0000-000000000006', 0.7), ('b0000000-0000-0000-0000-000000000001', 'PRESSURES', 'Hail Creek', 'd0000000-0000-0000-0000-000000000007', 0), ('b0000000-0000-0000-0000-000000000001', 'PRESSURES', 'Hail Creek', 'd0000000-0000-0000-0000-000000000008', 0), ('b0000000-0000-0000-0000-000000000001', 'PRESSURES', 'Hail Creek', 'd0000000-0000-0000-0000-000000000009', 0), ('b0000000-0000-0000-0000-000000000001', 'PRESSURES', 'Hail Creek', 'd0000000-0000-0000-0000-000000000010', 0), ('b0000000-0000-0000-0000-000000000001', 'PRESSURES', 'Hail Creek', 'd0000000-0000-0000-0000-000000000011', 0.9), ('b0000000-0000-0000-0000-000000000001', 'PRESSURES', 'Hail Creek', 'd0000000-0000-0000-0000-000000000012', 0), ('b0000000-0000-0000-0000-000000000001', 'PRESSURES', 'Hail Creek', 'd0000000-0000-0000-0000-000000000013', 0),
    ('b0000000-0000-0000-0000-000000000001', 'PRESSURES', 'Home Smelter', 'd0000000-0000-0000-0000-000000000001', 1), ('b0000000-0000-0000-0000-000000000001', 'PRESSURES', 'Home Smelter', 'd0000000-0000-0000-0000-000000000002', 1), ('b0000000-0000-0000-0000-000000000001', 'PRESSURES', 'Home Smelter', 'd0000000-0000-0000-0000-000000000003', 0.8), ('b0000000-0000-0000-0000-000000000001', 'PRESSURES', 'Home Smelter', 'd0000000-0000-0000-0000-000000000004', 0), ('b0000000-0000-0000-0000-000000000001', 'PRESSURES', 'Home Smelter', 'd0000000-0000-0000-0000-000000000005', 0.7), ('b0000000-0000-0000-0000-000000000001', 'PRESSURES', 'Home Smelter', 'd0000000-0000-0000-0000-000000000006', 0.8), ('b0000000-0000-0000-0000-000000000001', 'PRESSURES', 'Home Smelter', 'd0000000-0000-0000-0000-000000000007', 0), ('b0000000-0000-0000-0000-000000000001', 'PRESSURES', 'Home Smelter', 'd0000000-0000-0000-0000-000000000008', 0), ('b0000000-0000-0000-0000-000000000001', 'PRESSURES', 'Home Smelter', 'd0000000-0000-0000-0000-000000000009', 0), ('b0000000-0000-0000-0000-000000000001', 'PRESSURES', 'Home Smelter', 'd0000000-0000-0000-0000-000000000010', 0), ('b0000000-0000-0000-0000-000000000001', 'PRESSURES', 'Home Smelter', 'd0000000-0000-0000-0000-000000000011', 0.9), ('b0000000-0000-0000-0000-000000000001', 'PRESSURES', 'Home Smelter', 'd0000000-0000-0000-0000-000000000012', 0), ('b0000000-0000-0000-0000-000000000001', 'PRESSURES', 'Home Smelter', 'd0000000-0000-0000-0000-000000000013', 0.4),
    ('b0000000-0000-0000-0000-000000000001', 'PRESSURES', 'Hunter Valley Operations', 'd0000000-0000-0000-0000-000000000001', 1), ('b0000000-0000-0000-0000-000000000001', 'PRESSURES', 'Hunter Valley Operations', 'd0000000-0000-0000-0000-000000000002', 1), ('b0000000-0000-0000-0000-000000000001', 'PRESSURES', 'Hunter Valley Operations', 'd0000000-0000-0000-0000-000000000003', 0.8), ('b0000000-0000-0000-0000-000000000001', 'PRESSURES', 'Hunter Valley Operations', 'd0000000-0000-0000-0000-000000000004', 0), ('b0000000-0000-0000-0000-000000000001', 'PRESSURES', 'Hunter Valley Operations', 'd0000000-0000-0000-0000-000000000005', 0.4), ('b0000000-0000-0000-0000-000000000001', 'PRESSURES', 'Hunter Valley Operations', 'd0000000-0000-0000-0000-000000000006', 0.7), ('b0000000-0000-0000-0000-000000000001', 'PRESSURES', 'Hunter Valley Operations', 'd0000000-0000-0000-0000-000000000007', 0), ('b0000000-0000-0000-0000-000000000001', 'PRESSURES', 'Hunter Valley Operations', 'd0000000-0000-0000-0000-000000000008', 0), ('b0000000-0000-0000-0000-000000000001', 'PRESSURES', 'Hunter Valley Operations', 'd0000000-0000-0000-0000-000000000009', 0), ('b0000000-0000-0000-0000-000000000001', 'PRESSURES', 'Hunter Valley Operations', 'd0000000-0000-0000-0000-000000000010', 0), ('b0000000-0000-0000-0000-000000000001', 'PRESSURES', 'Hunter Valley Operations', 'd0000000-0000-0000-0000-000000000011', 1), ('b0000000-0000-0000-0000-000000000001', 'PRESSURES', 'Hunter Valley Operations', 'd0000000-0000-0000-0000-000000000012', 0), ('b0000000-0000-0000-0000-000000000001', 'PRESSURES', 'Hunter Valley Operations', 'd0000000-0000-0000-0000-000000000013', 0.6),
    ('b0000000-0000-0000-0000-000000000001', 'PRESSURES', 'Izimbiba', 'd0000000-0000-0000-0000-000000000001', 1), ('b0000000-0000-0000-0000-000000000001', 'PRESSURES', 'Izimbiba', 'd0000000-0000-0000-0000-000000000002', 1), ('b0000000-0000-0000-0000-000000000001', 'PRESSURES', 'Izimbiba', 'd0000000-0000-0000-0000-000000000003', 0.8), ('b0000000-0000-0000-0000-000000000001', 'PRESSURES', 'Izimbiba', 'd0000000-0000-0000-0000-000000000004', 0), ('b0000000-0000-0000-0000-000000000001', 'PRESSURES', 'Izimbiba', 'd0000000-0000-0000-0000-000000000005', 0.7), ('b0000000-0000-0000-0000-000000000001', 'PRESSURES', 'Izimbiba', 'd0000000-0000-0000-0000-000000000006', 0.7), ('b0000000-0000-0000-0000-000000000001', 'PRESSURES', 'Izimbiba', 'd0000000-0000-0000-0000-000000000007', 0), ('b0000000-0000-0000-0000-000000000001', 'PRESSURES', 'Izimbiba', 'd0000000-0000-0000-0000-000000000008', 0), ('b0000000-0000-0000-0000-000000000001', 'PRESSURES', 'Izimbiba', 'd0000000-0000-0000-0000-000000000009', 0), ('b0000000-0000-0000-0000-000000000001', 'PRESSURES', 'Izimbiba', 'd0000000-0000-0000-0000-000000000010', 0), ('b0000000-0000-0000-0000-000000000001', 'PRESSURES', 'Izimbiba', 'd0000000-0000-0000-0000-000000000011', 0.9), ('b0000000-0000-0000-0000-000000000001', 'PRESSURES', 'Izimbiba', 'd0000000-0000-0000-0000-000000000012', 0), ('b0000000-0000-0000-0000-000000000001', 'PRESSURES', 'Izimbiba', 'd0000000-0000-0000-0000-000000000013', 0.8),
    ('b0000000-0000-0000-0000-000000000001', 'PRESSURES', 'Kamoto', 'd0000000-0000-0000-0000-000000000001', 1), ('b0000000-0000-0000-0000-000000000001', 'PRESSURES', 'Kamoto', 'd0000000-0000-0000-0000-000000000002', 1), ('b0000000-0000-0000-0000-000000000001', 'PRESSURES', 'Kamoto', 'd0000000-0000-0000-0000-000000000003', 0.8), ('b0000000-0000-0000-0000-000000000001', 'PRESSURES', 'Kamoto', 'd0000000-0000-0000-0000-000000000004', 0), ('b0000000-0000-0000-0000-000000000001', 'PRESSURES', 'Kamoto', 'd0000000-0000-0000-0000-000000000005', 1), ('b0000000-0000-0000-0000-000000000001', 'PRESSURES', 'Kamoto', 'd0000000-0000-0000-0000-000000000006', 0.8), ('b0000000-0000-0000-0000-000000000001', 'PRESSURES', 'Kamoto', 'd0000000-0000-0000-0000-000000000007', 0), ('b0000000-0000-0000-0000-000000000001', 'PRESSURES', 'Kamoto', 'd0000000-0000-0000-0000-000000000008', 0), ('b0000000-0000-0000-0000-000000000001', 'PRESSURES', 'Kamoto', 'd0000000-0000-0000-0000-000000000009', 0), ('b0000000-0000-0000-0000-000000000001', 'PRESSURES', 'Kamoto', 'd0000000-0000-0000-0000-000000000010', 0), ('b0000000-0000-0000-0000-000000000001', 'PRESSURES', 'Kamoto', 'd0000000-0000-0000-0000-000000000011', 0.9), ('b0000000-0000-0000-0000-000000000001', 'PRESSURES', 'Kamoto', 'd0000000-0000-0000-0000-000000000012', 0), ('b0000000-0000-0000-0000-000000000001', 'PRESSURES', 'Kamoto', 'd0000000-0000-0000-0000-000000000013', 0),
    ('b0000000-0000-0000-0000-000000000001', 'PRESSURES', 'Kamoto SX-EW', 'd0000000-0000-0000-0000-000000000001', 1), ('b0000000-0000-0000-0000-000000000001', 'PRESSURES', 'Kamoto SX-EW', 'd0000000-0000-0000-0000-000000000002', 1), ('b0000000-0000-0000-0000-000000000001', 'PRESSURES', 'Kamoto SX-EW', 'd0000000-0000-0000-0000-000000000003', 0.8), ('b0000000-0000-0000-0000-000000000001', 'PRESSURES', 'Kamoto SX-EW', 'd0000000-0000-0000-0000-000000000004', 0), ('b0000000-0000-0000-0000-000000000001', 'PRESSURES', 'Kamoto SX-EW', 'd0000000-0000-0000-0000-000000000005', 1), ('b0000000-0000-0000-0000-000000000001', 'PRESSURES', 'Kamoto SX-EW', 'd0000000-0000-0000-0000-000000000006', 0.8), ('b0000000-0000-0000-0000-000000000001', 'PRESSURES', 'Kamoto SX-EW', 'd0000000-0000-0000-0000-000000000007', 0), ('b0000000-0000-0000-0000-000000000001', 'PRESSURES', 'Kamoto SX-EW', 'd0000000-0000-0000-0000-000000000008', 0), ('b0000000-0000-0000-0000-000000000001', 'PRESSURES', 'Kamoto SX-EW', 'd0000000-0000-0000-0000-000000000009', 0), ('b0000000-0000-0000-0000-000000000001', 'PRESSURES', 'Kamoto SX-EW', 'd0000000-0000-0000-0000-000000000010', 0), ('b0000000-0000-0000-0000-000000000001', 'PRESSURES', 'Kamoto SX-EW', 'd0000000-0000-0000-0000-000000000011', 0.9), ('b0000000-0000-0000-0000-000000000001', 'PRESSURES', 'Kamoto SX-EW', 'd0000000-0000-0000-0000-000000000012', 0), ('b0000000-0000-0000-0000-000000000001', 'PRESSURES', 'Kamoto SX-EW', 'd0000000-0000-0000-0000-000000000013', 0),
    ('b0000000-0000-0000-0000-000000000001', 'PRESSURES', 'Kaziac Consolidated', 'd0000000-0000-0000-0000-000000000001', 1), ('b0000000-0000-0000-0000-000000000001', 'PRESSURES', 'Kaziac Consolidated', 'd0000000-0000-0000-0000-000000000002', 1), ('b0000000-0000-0000-0000-000000000001', 'PRESSURES', 'Kaziac Consolidated', 'd0000000-0000-0000-0000-000000000003', 0.8), ('b0000000-0000-0000-0000-000000000001', 'PRESSURES', 'Kaziac Consolidated', 'd0000000-0000-0000-0000-000000000004', 0), ('b0000000-0000-0000-0000-000000000001', 'PRESSURES', 'Kaziac Consolidated', 'd0000000-0000-0000-0000-000000000005', 1), ('b0000000-0000-0000-0000-000000000001', 'PRESSURES', 'Kaziac Consolidated', 'd0000000-0000-0000-0000-000000000006', 0.8), ('b0000000-0000-0000-0000-000000000001', 'PRESSURES', 'Kaziac Consolidated', 'd0000000-0000-0000-0000-000000000007', 0), ('b0000000-0000-0000-0000-000000000001', 'PRESSURES', 'Kaziac Consolidated', 'd0000000-0000-0000-0000-000000000008', 0), ('b0000000-0000-0000-0000-000000000001', 'PRESSURES', 'Kaziac Consolidated', 'd0000000-0000-0000-0000-000000000009', 0), ('b0000000-0000-0000-0000-000000000001', 'PRESSURES', 'Kaziac Consolidated', 'd0000000-0000-0000-0000-000000000010', 0), ('b0000000-0000-0000-0000-000000000001', 'PRESSURES', 'Kaziac Consolidated', 'd0000000-0000-0000-0000-000000000011', 0.9), ('b0000000-0000-0000-0000-000000000001', 'PRESSURES', 'Kaziac Consolidated', 'd0000000-0000-0000-0000-000000000012', 0), ('b0000000-0000-0000-0000-000000000001', 'PRESSURES', 'Kaziac Consolidated', 'd0000000-0000-0000-0000-000000000013', 0.4),
    ('b0000000-0000-0000-0000-000000000001', 'PRESSURES', 'KCY', 'd0000000-0000-0000-0000-000000000001', 1), ('b0000000-0000-0000-0000-000000000001', 'PRESSURES', 'KCY', 'd0000000-0000-0000-0000-000000000002', 1), ('b0000000-0000-0000-0000-000000000001', 'PRESSURES', 'KCY', 'd0000000-0000-0000-0000-000000000003', 0.8), ('b0000000-0000-0000-0000-000000000001', 'PRESSURES', 'KCY', 'd0000000-0000-0000-0000-000000000004', 0), ('b0000000-0000-0000-0000-000000000001', 'PRESSURES', 'KCY', 'd0000000-0000-0000-0000-000000000005', 1), ('b0000000-0000-0000-0000-000000000001', 'PRESSURES', 'KCY', 'd0000000-0000-0000-0000-000000000006', 0.8), ('b0000000-0000-0000-0000-000000000001', 'PRESSURES', 'KCY', 'd0000000-0000-0000-0000-000000000007', 0), ('b0000000-0000-0000-0000-000000000001', 'PRESSURES', 'KCY', 'd0000000-0000-0000-0000-000000000008', 0), ('b0000000-0000-0000-0000-000000000001', 'PRESSURES', 'KCY', 'd0000000-0000-0000-0000-000000000009', 0), ('b0000000-0000-0000-0000-000000000001', 'PRESSURES', 'KCY', 'd0000000-0000-0000-0000-000000000010', 0), ('b0000000-0000-0000-0000-000000000001', 'PRESSURES', 'KCY', 'd0000000-0000-0000-0000-000000000011', 0.9), ('b0000000-0000-0000-0000-000000000001', 'PRESSURES', 'KCY', 'd0000000-0000-0000-0000-000000000012', 0), ('b0000000-0000-0000-0000-000000000001', 'PRESSURES', 'KCY', 'd0000000-0000-0000-0000-000000000013', 0);

-- ============================================================================
-- 7. HEATMAP DATA - Glencore (DEPENDENCIES)
-- ============================================================================
INSERT INTO heatmap_data (client_id, category_type, entity_name, risk_category_id, value) VALUES
    -- GLENCORE GROUP - DEPENDENCIES (22 columns)
    ('b0000000-0000-0000-0000-000000000001', 'DEPENDENCIES', 'GLENCORE GROUP', 'e0000000-0000-0000-0000-000000000001', 0.6), ('b0000000-0000-0000-0000-000000000001', 'DEPENDENCIES', 'GLENCORE GROUP', 'e0000000-0000-0000-0000-000000000002', 0.1), ('b0000000-0000-0000-0000-000000000001', 'DEPENDENCIES', 'GLENCORE GROUP', 'e0000000-0000-0000-0000-000000000003', 0.6), ('b0000000-0000-0000-0000-000000000001', 'DEPENDENCIES', 'GLENCORE GROUP', 'e0000000-0000-0000-0000-000000000004', 0), ('b0000000-0000-0000-0000-000000000001', 'DEPENDENCIES', 'GLENCORE GROUP', 'e0000000-0000-0000-0000-000000000005', 0.5), ('b0000000-0000-0000-0000-000000000001', 'DEPENDENCIES', 'GLENCORE GROUP', 'e0000000-0000-0000-0000-000000000006', 0.3), ('b0000000-0000-0000-0000-000000000001', 'DEPENDENCIES', 'GLENCORE GROUP', 'e0000000-0000-0000-0000-000000000007', 0), ('b0000000-0000-0000-0000-000000000001', 'DEPENDENCIES', 'GLENCORE GROUP', 'e0000000-0000-0000-0000-000000000008', 0.6), ('b0000000-0000-0000-0000-000000000001', 'DEPENDENCIES', 'GLENCORE GROUP', 'e0000000-0000-0000-0000-000000000009', 0.5), ('b0000000-0000-0000-0000-000000000001', 'DEPENDENCIES', 'GLENCORE GROUP', 'e0000000-0000-0000-0000-000000000010', 0.5), ('b0000000-0000-0000-0000-000000000001', 'DEPENDENCIES', 'GLENCORE GROUP', 'e0000000-0000-0000-0000-000000000011', 0.3), ('b0000000-0000-0000-0000-000000000001', 'DEPENDENCIES', 'GLENCORE GROUP', 'e0000000-0000-0000-0000-000000000012', 0.1), ('b0000000-0000-0000-0000-000000000001', 'DEPENDENCIES', 'GLENCORE GROUP', 'e0000000-0000-0000-0000-000000000013', 0.1), ('b0000000-0000-0000-0000-000000000001', 'DEPENDENCIES', 'GLENCORE GROUP', 'e0000000-0000-0000-0000-000000000014', 0), ('b0000000-0000-0000-0000-000000000001', 'DEPENDENCIES', 'GLENCORE GROUP', 'e0000000-0000-0000-0000-000000000015', 0), ('b0000000-0000-0000-0000-000000000001', 'DEPENDENCIES', 'GLENCORE GROUP', 'e0000000-0000-0000-0000-000000000016', 0.5), ('b0000000-0000-0000-0000-000000000001', 'DEPENDENCIES', 'GLENCORE GROUP', 'e0000000-0000-0000-0000-000000000017', 0.2), ('b0000000-0000-0000-0000-000000000001', 'DEPENDENCIES', 'GLENCORE GROUP', 'e0000000-0000-0000-0000-000000000018', 0), ('b0000000-0000-0000-0000-000000000001', 'DEPENDENCIES', 'GLENCORE GROUP', 'e0000000-0000-0000-0000-000000000019', 0.1), ('b0000000-0000-0000-0000-000000000001', 'DEPENDENCIES', 'GLENCORE GROUP', 'e0000000-0000-0000-0000-000000000020', 0.4), ('b0000000-0000-0000-0000-000000000001', 'DEPENDENCIES', 'GLENCORE GROUP', 'e0000000-0000-0000-0000-000000000021', 0.6),
    -- Alumbrera - DEPENDENCIES
    ('b0000000-0000-0000-0000-000000000001', 'DEPENDENCIES', 'Alumbrera', 'e0000000-0000-0000-0000-000000000001', 1), ('b0000000-0000-0000-0000-000000000001', 'DEPENDENCIES', 'Alumbrera', 'e0000000-0000-0000-0000-000000000002', 0.6), ('b0000000-0000-0000-0000-000000000001', 'DEPENDENCIES', 'Alumbrera', 'e0000000-0000-0000-0000-000000000003', 0.6), ('b0000000-0000-0000-0000-000000000001', 'DEPENDENCIES', 'Alumbrera', 'e0000000-0000-0000-0000-000000000004', 0), ('b0000000-0000-0000-0000-000000000001', 'DEPENDENCIES', 'Alumbrera', 'e0000000-0000-0000-0000-000000000005', 0.7), ('b0000000-0000-0000-0000-000000000001', 'DEPENDENCIES', 'Alumbrera', 'e0000000-0000-0000-0000-000000000006', 0), ('b0000000-0000-0000-0000-000000000001', 'DEPENDENCIES', 'Alumbrera', 'e0000000-0000-0000-0000-000000000007', 0), ('b0000000-0000-0000-0000-000000000001', 'DEPENDENCIES', 'Alumbrera', 'e0000000-0000-0000-0000-000000000008', 0.1), ('b0000000-0000-0000-0000-000000000001', 'DEPENDENCIES', 'Alumbrera', 'e0000000-0000-0000-0000-000000000009', 0.9), ('b0000000-0000-0000-0000-000000000001', 'DEPENDENCIES', 'Alumbrera', 'e0000000-0000-0000-0000-000000000010', 0.9), ('b0000000-0000-0000-0000-000000000001', 'DEPENDENCIES', 'Alumbrera', 'e0000000-0000-0000-0000-000000000011', 0.6), ('b0000000-0000-0000-0000-000000000001', 'DEPENDENCIES', 'Alumbrera', 'e0000000-0000-0000-0000-000000000012', 0), ('b0000000-0000-0000-0000-000000000001', 'DEPENDENCIES', 'Alumbrera', 'e0000000-0000-0000-0000-000000000013', 0), ('b0000000-0000-0000-0000-000000000001', 'DEPENDENCIES', 'Alumbrera', 'e0000000-0000-0000-0000-000000000014', 0), ('b0000000-0000-0000-0000-000000000001', 'DEPENDENCIES', 'Alumbrera', 'e0000000-0000-0000-0000-000000000015', 0), ('b0000000-0000-0000-0000-000000000001', 'DEPENDENCIES', 'Alumbrera', 'e0000000-0000-0000-0000-000000000016', 1), ('b0000000-0000-0000-0000-000000000001', 'DEPENDENCIES', 'Alumbrera', 'e0000000-0000-0000-0000-000000000017', 0), ('b0000000-0000-0000-0000-000000000001', 'DEPENDENCIES', 'Alumbrera', 'e0000000-0000-0000-0000-000000000018', 0), ('b0000000-0000-0000-0000-000000000001', 'DEPENDENCIES', 'Alumbrera', 'e0000000-0000-0000-0000-000000000019', 0.1), ('b0000000-0000-0000-0000-000000000001', 'DEPENDENCIES', 'Alumbrera', 'e0000000-0000-0000-0000-000000000020', 0.8), ('b0000000-0000-0000-0000-000000000001', 'DEPENDENCIES', 'Alumbrera', 'e0000000-0000-0000-0000-000000000021', 0.6),
    -- (remaining DEPENDENCIES entities follow same pattern - abbreviated for readability)
    ('b0000000-0000-0000-0000-000000000001', 'DEPENDENCIES', 'Alcorn East', 'e0000000-0000-0000-0000-000000000001', 1), ('b0000000-0000-0000-0000-000000000001', 'DEPENDENCIES', 'Alcorn East', 'e0000000-0000-0000-0000-000000000002', 0), ('b0000000-0000-0000-0000-000000000001', 'DEPENDENCIES', 'Alcorn East', 'e0000000-0000-0000-0000-000000000003', 0.6), ('b0000000-0000-0000-0000-000000000001', 'DEPENDENCIES', 'Alcorn East', 'e0000000-0000-0000-0000-000000000004', 0), ('b0000000-0000-0000-0000-000000000001', 'DEPENDENCIES', 'Alcorn East', 'e0000000-0000-0000-0000-000000000005', 0.8), ('b0000000-0000-0000-0000-000000000001', 'DEPENDENCIES', 'Alcorn East', 'e0000000-0000-0000-0000-000000000006', 0.4), ('b0000000-0000-0000-0000-000000000001', 'DEPENDENCIES', 'Alcorn East', 'e0000000-0000-0000-0000-000000000007', 0), ('b0000000-0000-0000-0000-000000000001', 'DEPENDENCIES', 'Alcorn East', 'e0000000-0000-0000-0000-000000000008', 0.8), ('b0000000-0000-0000-0000-000000000001', 'DEPENDENCIES', 'Alcorn East', 'e0000000-0000-0000-0000-000000000009', 0.9), ('b0000000-0000-0000-0000-000000000001', 'DEPENDENCIES', 'Alcorn East', 'e0000000-0000-0000-0000-000000000010', 0.9), ('b0000000-0000-0000-0000-000000000001', 'DEPENDENCIES', 'Alcorn East', 'e0000000-0000-0000-0000-000000000011', 0.6), ('b0000000-0000-0000-0000-000000000001', 'DEPENDENCIES', 'Alcorn East', 'e0000000-0000-0000-0000-000000000012', 0.1), ('b0000000-0000-0000-0000-000000000001', 'DEPENDENCIES', 'Alcorn East', 'e0000000-0000-0000-0000-000000000013', 0), ('b0000000-0000-0000-0000-000000000001', 'DEPENDENCIES', 'Alcorn East', 'e0000000-0000-0000-0000-000000000014', 0), ('b0000000-0000-0000-0000-000000000001', 'DEPENDENCIES', 'Alcorn East', 'e0000000-0000-0000-0000-000000000015', 0), ('b0000000-0000-0000-0000-000000000001', 'DEPENDENCIES', 'Alcorn East', 'e0000000-0000-0000-0000-000000000016', 0.4), ('b0000000-0000-0000-0000-000000000001', 'DEPENDENCIES', 'Alcorn East', 'e0000000-0000-0000-0000-000000000017', 0), ('b0000000-0000-0000-0000-000000000001', 'DEPENDENCIES', 'Alcorn East', 'e0000000-0000-0000-0000-000000000018', 0), ('b0000000-0000-0000-0000-000000000001', 'DEPENDENCIES', 'Alcorn East', 'e0000000-0000-0000-0000-000000000019', 0), ('b0000000-0000-0000-0000-000000000001', 'DEPENDENCIES', 'Alcorn East', 'e0000000-0000-0000-0000-000000000020', 0.8), ('b0000000-0000-0000-0000-000000000001', 'DEPENDENCIES', 'Alcorn East', 'e0000000-0000-0000-0000-000000000021', 0.6);

-- ============================================================================
-- 8. RADAR DATA - Glencore (Direct + Indirect exposure)
-- ============================================================================

-- Direct Exposure - PRESSURES
INSERT INTO radar_data (client_id, planetary_boundary_id, exposure_type, category, pressure_value, dependency_value) VALUES
    ('b0000000-0000-0000-0000-000000000001', 'c0000000-0000-0000-0000-000000000001', 'direct', 'PRESSURES', 28.0, 0),
    ('b0000000-0000-0000-0000-000000000001', 'c0000000-0000-0000-0000-000000000002', 'direct', 'PRESSURES', 0, 0),
    ('b0000000-0000-0000-0000-000000000001', 'c0000000-0000-0000-0000-000000000003', 'direct', 'PRESSURES', 11.9, 0),
    ('b0000000-0000-0000-0000-000000000001', 'c0000000-0000-0000-0000-000000000004', 'direct', 'PRESSURES', 22.9, 0),
    ('b0000000-0000-0000-0000-000000000001', 'c0000000-0000-0000-0000-000000000005', 'direct', 'PRESSURES', 35.3, 0),
    ('b0000000-0000-0000-0000-000000000001', 'c0000000-0000-0000-0000-000000000006', 'direct', 'PRESSURES', 0, 0),
    ('b0000000-0000-0000-0000-000000000001', 'c0000000-0000-0000-0000-000000000007', 'direct', 'PRESSURES', 53.9, 0),
    ('b0000000-0000-0000-0000-000000000001', 'c0000000-0000-0000-0000-000000000008', 'direct', 'PRESSURES', 57.1, 0),
    -- Direct Exposure - DEPENDENCIES
    ('b0000000-0000-0000-0000-000000000001', 'c0000000-0000-0000-0000-000000000001', 'direct', 'DEPENDENCIES', 0, 22.5),
    ('b0000000-0000-0000-0000-000000000001', 'c0000000-0000-0000-0000-000000000002', 'direct', 'DEPENDENCIES', 0, 0),
    ('b0000000-0000-0000-0000-000000000001', 'c0000000-0000-0000-0000-000000000003', 'direct', 'DEPENDENCIES', 0, 11.1),
    ('b0000000-0000-0000-0000-000000000001', 'c0000000-0000-0000-0000-000000000004', 'direct', 'DEPENDENCIES', 0, 13.0),
    ('b0000000-0000-0000-0000-000000000001', 'c0000000-0000-0000-0000-000000000005', 'direct', 'DEPENDENCIES', 0, 62.7),
    ('b0000000-0000-0000-0000-000000000001', 'c0000000-0000-0000-0000-000000000006', 'direct', 'DEPENDENCIES', 0, 31.3),
    ('b0000000-0000-0000-0000-000000000001', 'c0000000-0000-0000-0000-000000000007', 'direct', 'DEPENDENCIES', 0, 38.1),
    ('b0000000-0000-0000-0000-000000000001', 'c0000000-0000-0000-0000-000000000008', 'direct', 'DEPENDENCIES', 0, 31.1),
    -- Direct Exposure - OVERALL
    ('b0000000-0000-0000-0000-000000000001', 'c0000000-0000-0000-0000-000000000001', 'direct', 'OVERALL', 28.0, 22.5),
    ('b0000000-0000-0000-0000-000000000001', 'c0000000-0000-0000-0000-000000000002', 'direct', 'OVERALL', 0, 0),
    ('b0000000-0000-0000-0000-000000000001', 'c0000000-0000-0000-0000-000000000003', 'direct', 'OVERALL', 11.9, 11.1),
    ('b0000000-0000-0000-0000-000000000001', 'c0000000-0000-0000-0000-000000000004', 'direct', 'OVERALL', 22.9, 13.0),
    ('b0000000-0000-0000-0000-000000000001', 'c0000000-0000-0000-0000-000000000005', 'direct', 'OVERALL', 35.3, 62.7),
    ('b0000000-0000-0000-0000-000000000001', 'c0000000-0000-0000-0000-000000000006', 'direct', 'OVERALL', 0, 31.3),
    ('b0000000-0000-0000-0000-000000000001', 'c0000000-0000-0000-0000-000000000007', 'direct', 'OVERALL', 53.9, 38.1),
    ('b0000000-0000-0000-0000-000000000001', 'c0000000-0000-0000-0000-000000000008', 'direct', 'OVERALL', 57.1, 31.1),
    -- Indirect Exposure - PRESSURES
    ('b0000000-0000-0000-0000-000000000001', 'c0000000-0000-0000-0000-000000000001', 'indirect', 'PRESSURES', 28.0, 0),
    ('b0000000-0000-0000-0000-000000000001', 'c0000000-0000-0000-0000-000000000002', 'indirect', 'PRESSURES', 0, 0),
    ('b0000000-0000-0000-0000-000000000001', 'c0000000-0000-0000-0000-000000000003', 'indirect', 'PRESSURES', 11.9, 0),
    ('b0000000-0000-0000-0000-000000000001', 'c0000000-0000-0000-0000-000000000004', 'indirect', 'PRESSURES', 22.9, 0),
    ('b0000000-0000-0000-0000-000000000001', 'c0000000-0000-0000-0000-000000000005', 'indirect', 'PRESSURES', 35.3, 0),
    ('b0000000-0000-0000-0000-000000000001', 'c0000000-0000-0000-0000-000000000006', 'indirect', 'PRESSURES', 0, 0),
    ('b0000000-0000-0000-0000-000000000001', 'c0000000-0000-0000-0000-000000000007', 'indirect', 'PRESSURES', 53.9, 0),
    ('b0000000-0000-0000-0000-000000000001', 'c0000000-0000-0000-0000-000000000008', 'indirect', 'PRESSURES', 57.1, 0),
    -- Indirect Exposure - DEPENDENCIES
    ('b0000000-0000-0000-0000-000000000001', 'c0000000-0000-0000-0000-000000000001', 'indirect', 'DEPENDENCIES', 0, 23.1),
    ('b0000000-0000-0000-0000-000000000001', 'c0000000-0000-0000-0000-000000000002', 'indirect', 'DEPENDENCIES', 0, 0),
    ('b0000000-0000-0000-0000-000000000001', 'c0000000-0000-0000-0000-000000000003', 'indirect', 'DEPENDENCIES', 0, 13.7),
    ('b0000000-0000-0000-0000-000000000001', 'c0000000-0000-0000-0000-000000000004', 'indirect', 'DEPENDENCIES', 0, 56.6),
    ('b0000000-0000-0000-0000-000000000001', 'c0000000-0000-0000-0000-000000000005', 'indirect', 'DEPENDENCIES', 0, 72.9),
    ('b0000000-0000-0000-0000-000000000001', 'c0000000-0000-0000-0000-000000000006', 'indirect', 'DEPENDENCIES', 0, 56.8),
    ('b0000000-0000-0000-0000-000000000001', 'c0000000-0000-0000-0000-000000000007', 'indirect', 'DEPENDENCIES', 0, 48.2),
    ('b0000000-0000-0000-0000-000000000001', 'c0000000-0000-0000-0000-000000000008', 'indirect', 'DEPENDENCIES', 0, 57.6),
    -- Indirect Exposure - OVERALL
    ('b0000000-0000-0000-0000-000000000001', 'c0000000-0000-0000-0000-000000000001', 'indirect', 'OVERALL', 28.0, 23.1),
    ('b0000000-0000-0000-0000-000000000001', 'c0000000-0000-0000-0000-000000000002', 'indirect', 'OVERALL', 0, 0),
    ('b0000000-0000-0000-0000-000000000001', 'c0000000-0000-0000-0000-000000000003', 'indirect', 'OVERALL', 11.9, 13.7),
    ('b0000000-0000-0000-0000-000000000001', 'c0000000-0000-0000-0000-000000000004', 'indirect', 'OVERALL', 22.9, 56.6),
    ('b0000000-0000-0000-0000-000000000001', 'c0000000-0000-0000-0000-000000000005', 'indirect', 'OVERALL', 35.3, 72.9),
    ('b0000000-0000-0000-0000-000000000001', 'c0000000-0000-0000-0000-000000000006', 'indirect', 'OVERALL', 0, 56.8),
    ('b0000000-0000-0000-0000-000000000001', 'c0000000-0000-0000-0000-000000000007', 'indirect', 'OVERALL', 53.9, 48.2),
    ('b0000000-0000-0000-0000-000000000001', 'c0000000-0000-0000-0000-000000000008', 'indirect', 'OVERALL', 57.1, 57.6);

-- ============================================================================
-- 9. GRID DATA - Glencore (Direct + Indirect)
-- ============================================================================
INSERT INTO grid_data (client_id, planetary_boundary_id, category, exposure_level, exposure_value) VALUES
    -- Direct
    ('b0000000-0000-0000-0000-000000000001', 'c0000000-0000-0000-0000-000000000001', 'Dependency', 'direct', 22.5),
    ('b0000000-0000-0000-0000-000000000001', 'c0000000-0000-0000-0000-000000000001', 'Pressure', 'direct', 28.0),
    ('b0000000-0000-0000-0000-000000000001', 'c0000000-0000-0000-0000-000000000008', 'Dependency', 'direct', 31.1),
    ('b0000000-0000-0000-0000-000000000001', 'c0000000-0000-0000-0000-000000000008', 'Pressure', 'direct', 57.1),
    ('b0000000-0000-0000-0000-000000000001', 'c0000000-0000-0000-0000-000000000007', 'Dependency', 'direct', 38.1),
    ('b0000000-0000-0000-0000-000000000001', 'c0000000-0000-0000-0000-000000000007', 'Pressure', 'direct', 53.9),
    ('b0000000-0000-0000-0000-000000000001', 'c0000000-0000-0000-0000-000000000006', 'Dependency', 'direct', 31.3),
    ('b0000000-0000-0000-0000-000000000001', 'c0000000-0000-0000-0000-000000000006', 'Pressure', 'direct', 0),
    ('b0000000-0000-0000-0000-000000000001', 'c0000000-0000-0000-0000-000000000005', 'Dependency', 'direct', 62.7),
    ('b0000000-0000-0000-0000-000000000001', 'c0000000-0000-0000-0000-000000000005', 'Pressure', 'direct', 35.3),
    ('b0000000-0000-0000-0000-000000000001', 'c0000000-0000-0000-0000-000000000004', 'Dependency', 'direct', 13.0),
    ('b0000000-0000-0000-0000-000000000001', 'c0000000-0000-0000-0000-000000000004', 'Pressure', 'direct', 22.9),
    ('b0000000-0000-0000-0000-000000000001', 'c0000000-0000-0000-0000-000000000003', 'Dependency', 'direct', 11.1),
    ('b0000000-0000-0000-0000-000000000001', 'c0000000-0000-0000-0000-000000000003', 'Pressure', 'direct', 11.9),
    ('b0000000-0000-0000-0000-000000000001', 'c0000000-0000-0000-0000-000000000002', 'Dependency', 'direct', 0),
    ('b0000000-0000-0000-0000-000000000001', 'c0000000-0000-0000-0000-000000000002', 'Pressure', 'direct', 0),
    -- Indirect
    ('b0000000-0000-0000-0000-000000000001', 'c0000000-0000-0000-0000-000000000001', 'Dependency', 'indirect', 23.1),
    ('b0000000-0000-0000-0000-000000000001', 'c0000000-0000-0000-0000-000000000001', 'Pressure', 'indirect', 28.0),
    ('b0000000-0000-0000-0000-000000000001', 'c0000000-0000-0000-0000-000000000008', 'Dependency', 'indirect', 57.6),
    ('b0000000-0000-0000-0000-000000000001', 'c0000000-0000-0000-0000-000000000008', 'Pressure', 'indirect', 57.1),
    ('b0000000-0000-0000-0000-000000000001', 'c0000000-0000-0000-0000-000000000007', 'Dependency', 'indirect', 48.2),
    ('b0000000-0000-0000-0000-000000000001', 'c0000000-0000-0000-0000-000000000007', 'Pressure', 'indirect', 53.9),
    ('b0000000-0000-0000-0000-000000000001', 'c0000000-0000-0000-0000-000000000006', 'Dependency', 'indirect', 56.8),
    ('b0000000-0000-0000-0000-000000000001', 'c0000000-0000-0000-0000-000000000006', 'Pressure', 'indirect', 0),
    ('b0000000-0000-0000-0000-000000000001', 'c0000000-0000-0000-0000-000000000005', 'Dependency', 'indirect', 72.9),
    ('b0000000-0000-0000-0000-000000000001', 'c0000000-0000-0000-0000-000000000005', 'Pressure', 'indirect', 35.3),
    ('b0000000-0000-0000-0000-000000000001', 'c0000000-0000-0000-0000-000000000004', 'Dependency', 'indirect', 56.6),
    ('b0000000-0000-0000-0000-000000000001', 'c0000000-0000-0000-0000-000000000004', 'Pressure', 'indirect', 22.9),
    ('b0000000-0000-0000-0000-000000000001', 'c0000000-0000-0000-0000-000000000003', 'Dependency', 'indirect', 13.7),
    ('b0000000-0000-0000-0000-000000000001', 'c0000000-0000-0000-0000-000000000003', 'Pressure', 'indirect', 11.9),
    ('b0000000-0000-0000-0000-000000000001', 'c0000000-0000-0000-0000-000000000002', 'Dependency', 'indirect', 0),
    ('b0000000-0000-0000-0000-000000000001', 'c0000000-0000-0000-0000-000000000002', 'Pressure', 'indirect', 0);

-- ============================================================================
-- 10. NATURE THEMATICS - Mining sector (table data fetched per sector)
-- ============================================================================
INSERT INTO nature_thematics (id, sector_id, category, nature_thematic, mdb_nature_finance, icma_sustainable_bonds, scb_green_sustainable, sort_order) VALUES
    ('f0000000-0000-0000-0000-000000000001', 'a0000000-0000-0000-0000-000000000001', 'Restoration and conservation of biodiversity and ecosystem services', 'Restoration & conservation', TRUE, TRUE, TRUE, 1),
    ('f0000000-0000-0000-0000-000000000002', 'a0000000-0000-0000-0000-000000000001', 'Transformation of economic activities to reduce one or more of the direct drivers of biodiversity, ecosystems and ecosystem services loss', 'Sustainable use & protection of water', TRUE, TRUE, TRUE, 2),
    ('f0000000-0000-0000-0000-000000000003', 'a0000000-0000-0000-0000-000000000001', 'Transformation of economic activities to reduce one or more of the direct drivers of biodiversity, ecosystems and ecosystem services loss', 'Waste and pollution prevention', TRUE, TRUE, TRUE, 3),
    ('f0000000-0000-0000-0000-000000000004', 'a0000000-0000-0000-0000-000000000001', 'Integration of nature-based solutions across economic sectors', 'Nature-based solutions', TRUE, TRUE, TRUE, 4),
    ('f0000000-0000-0000-0000-000000000005', 'a0000000-0000-0000-0000-000000000001', 'Implementation of initiatives, tools, and activities that support above activities', 'Supporting Nature-related initiatives', TRUE, TRUE, FALSE, 5);

-- Use of Proceeds
INSERT INTO thematic_use_of_proceeds (nature_thematic_id, description, sort_order) VALUES
    ('f0000000-0000-0000-0000-000000000001', 'Restoring biodiversity following mine closure, including remediation of contaminated sites, beyond compliance with E&S risk management policies and standards', 1),
    ('f0000000-0000-0000-0000-000000000001', 'Conserving or restoring biodiversity on non-operation land to enhance biodiversity or ecosystem services', 2),
    ('f0000000-0000-0000-0000-000000000002', 'Implementing technologies or management approaches to reduce water consumption or withdrawal in mining operations', 1),
    ('f0000000-0000-0000-0000-000000000002', 'Activities related to improving water quality', 2),
    ('f0000000-0000-0000-0000-000000000003', 'Projects that prevent, reduce and/or substitute harmful chemicals to biodiversity in soil and water', 1),
    ('f0000000-0000-0000-0000-000000000003', 'Processing previously deemed uneconomical low-grade stockpiles or mine rock waste to reduce leaching potential, waste generated, and pollution.', 2),
    ('f0000000-0000-0000-0000-000000000004', 'Using green infrastructure or combined green/grey solutions with clear localized benefits to biodiversity (i.e. constructing wetlands for water treatment, integrating NbS for water retention in upper watershed in the mine design etc.)', 1),
    ('f0000000-0000-0000-0000-000000000004', 'Nature-based remediation technologies to reduce pollution, promote erosion control and enhance soil properties', 2),
    ('f0000000-0000-0000-0000-000000000005', 'Training on improved design and construction approaches or technologies that reduce impacts of mining on nature', 1),
    ('f0000000-0000-0000-0000-000000000005', 'Developing or using tools to help to engage and better locate mining sites', 2);

-- KPIs
INSERT INTO thematic_kpis (nature_thematic_id, description, sort_order) VALUES
    ('f0000000-0000-0000-0000-000000000001', 'Land disturbed rehabilitated (%) split into:', 1),
    ('f0000000-0000-0000-0000-000000000001', 'Required by regulation', 2),
    ('f0000000-0000-0000-0000-000000000001', 'Required by certifier', 3),
    ('f0000000-0000-0000-0000-000000000001', 'Voluntary', 4),
    ('f0000000-0000-0000-0000-000000000001', 'Area of land with a permanently protected land status as of the end of the reporting period', 5),
    ('f0000000-0000-0000-0000-000000000002', 'Reduction in freshwater abstraction in water scarce areas (m3)', 1),
    ('f0000000-0000-0000-0000-000000000002', 'Increase in (fresh) water recycled (%)', 2),
    ('f0000000-0000-0000-0000-000000000002', 'Reduction in water consumption / use [intensity in m3 per ton of output produced]', 3),
    ('f0000000-0000-0000-0000-000000000003', 'Reduction in Nox / Sox / VOCs / PM / CO and/or other pollutants (tonnes)', 1),
    ('f0000000-0000-0000-0000-000000000003', 'Reduction on weight of hazardous waste (%)', 2),
    ('f0000000-0000-0000-0000-000000000004', '% of water treatment facilities or m3 of water treated using nature-based solutions', 1),
    ('f0000000-0000-0000-0000-000000000005', '% of staff trained on environmental protection relating to nature', 1);

COMMIT;
